p,method,parallel,precision,runtime_us,rel_error
100,reference,seq,f64,41.845798841677606,0.0
100,reference,seq,f32,41.845798841677606,0.0
100,naive,seq,f64,8.084590081125498,5.57950439465914e-16
100,naive,seq,f32,8.258750021923333,6.878211620386869e-06
100,autovec,seq,f64,7.546659908257425,5.57950439465914e-16
100,autovec,seq,f32,7.8304202179424465,6.878211620386869e-06
100,blocked,seq,f64,3.8616699748672545,7.439339192878852e-16
100,blocked,seq,f32,3.0762498499825597,6.8906927604404876e-06
100,blocked_autovec,seq,f64,7.982079987414181,5.57950439465914e-16
100,blocked_autovec,seq,f32,8.156670082826167,6.878211620386869e-06
100,blocked_tiled,seq,f64,3.725829883478582,7.439339192878852e-16
100,blocked_tiled,seq,f32,2.7245900128036737,6.8906927604404876e-06
100,blocked_windowed,seq,f64,3.7062499905005097,7.439339192878852e-16
100,blocked_windowed,seq,f32,3.8854201557114716,6.878211620386869e-06
100,blocked_hybrid,seq,f64,6.5229099709540606,7.439339192878852e-16
100,blocked_hybrid,seq,f32,6.681249942630529,6.878211620386869e-06
100,adaptive,seq,f64,593.9591699279845,1.3625567334413624e-08
100,adaptive,seq,f32,647.9887501336634,6.865730480333249e-06
100,fft5,seq,f64,646.692079899367,1.3625567334413624e-08
100,fft5,seq,f32,650.3737499588169,6.865730480333249e-06
100,fft3,seq,f64,637.0316699030809,1.3625567334413624e-08
100,fft3,seq,f32,648.7625002046116,6.865730480333249e-06
100,fft2,seq,f64,651.7237500520423,1.3625567334413624e-08
100,fft2,seq,f32,633.8345899712294,6.865730480333249e-06
100,treecode,seq,f64,42.21333016175777,3.4051641603727708e-06
100,treecode,seq,f32,41.067919810302556,6.740919079797055e-06
100,chebcode,seq,f64,9.21958009712398,2.5609367221045986e-10
100,chebcode,seq,f32,9.509579977020621,6.878211620386869e-06
100,ewald,seq,f64,22.952500148676336,0.008605337879498187
100,ewald,seq,f32,24.490839859936386,0.008605470303120906
100,dst,seq,f64,622.5383299170062,1.3625567334413624e-08
100,dst,seq,f32,663.1704201572575,6.865730480333249e-06
100,auto,seq,f64,8.945000008679926,7.903301253461285e-09
100,auto,seq,f32,2.822499955072999,6.8906927604404876e-06
100,blocked,True,f64,3.6700000055134296,7.439339192878852e-16
100,blocked_autovec,True,f64,49.200410139746964,5.57950439465914e-16
100,blocked_tiled,True,f64,3.8329200469888747,7.439339192878852e-16
100,blocked_windowed,True,f64,47.175000072456896,7.439339192878852e-16
100,blocked_hybrid,True,f64,47.71749983774498,7.439339192878852e-16
100,treecode,True,f64,81.52916008839384,3.4051641603727708e-06
100,chebcode,True,f64,9.921670134644955,2.5609367221045986e-10
200,reference,seq,f64,98.56679826043546,0.0
200,reference,seq,f32,98.56679826043546,0.0
200,naive,seq,f64,33.629999961704016,7.451696541758931e-16
200,naive,seq,f32,32.33082010410726,8.35492644820082e-06
200,autovec,seq,f64,30.212500132620335,7.451696541758931e-16
200,autovec,seq,f32,30.299999634735286,8.35492644820082e-06
200,blocked,seq,f64,11.478340020403266,1.0711813778778464e-15
200,blocked,seq,f32,7.394179701805115,8.35492644820082e-06
200,blocked_autovec,seq,f64,33.97499967832118,7.451696541758931e-16
200,blocked_autovec,seq,f32,32.63417980633676,8.35492644820082e-06
200,blocked_tiled,seq,f64,11.631679954007268,1.0711813778778464e-15
200,blocked_tiled,seq,f32,7.4300001142546535,8.35492644820082e-06
200,blocked_windowed,seq,f64,11.511659831739962,1.0711813778778464e-15
200,blocked_windowed,seq,f32,11.757499887607992,8.35492644820082e-06
200,blocked_hybrid,seq,f64,22.084999945946038,1.0711813778778464e-15
200,blocked_hybrid,seq,f32,22.725840099155903,8.35492644820082e-06
200,adaptive,seq,f64,708.2449999870732,1.9541155421509025e-08
200,adaptive,seq,f32,663.6191799771041,8.329922703711312e-06
200,fft5,seq,f64,619.2391598597169,1.9541155421509025e-08
200,fft5,seq,f32,664.8849998600781,8.329922703711312e-06
200,fft3,seq,f64,639.0675000147894,1.9541155421509025e-08
200,fft3,seq,f32,648.3625003602356,8.329922703711312e-06
200,fft2,seq,f64,626.3041595229879,1.9541155421509025e-08
200,fft2,seq,f32,644.953339942731,8.329922703711312e-06
200,treecode,seq,f64,98.14333985559642,3.2795274557586436e-06
200,treecode,seq,f32,96.50500025600195,7.829847813921141e-06
200,chebcode,seq,f64,26.68915956746787,1.6865438754894005e-10
200,chebcode,seq,f32,26.954999775625765,8.35492644820082e-06
200,ewald,seq,f64,55.948320077732205,0.005110262756235853
200,ewald,seq,f32,53.25081991031766,0.005109511920513894
200,dst,seq,f64,648.580000270158,1.9541155421509025e-08
200,dst,seq,f32,646.1808201856911,8.329922703711312e-06
200,auto,seq,f64,22.423320333473384,5.205892315289157e-09
200,auto,seq,f32,7.539159851148725,8.35492644820082e-06
200,blocked,True,f64,11.609999928623438,1.0711813778778464e-15
200,blocked_autovec,True,f64,65.38999965414405,7.451696541758931e-16
200,blocked_tiled,True,f64,11.598319979384542,1.0711813778778464e-15
200,blocked_windowed,True,f64,70.38915995508432,1.0711813778778464e-15
200,blocked_hybrid,True,f64,74.80999978724867,1.0711813778778464e-15
200,treecode,True,f64,106.97832040023059,3.2795274557586436e-06
200,chebcode,True,f64,29.095840291120112,1.6865438754894005e-10
400,reference,seq,f64,410.39599454961717,0.0
400,reference,seq,f32,410.39599454961717,0.0
400,naive,seq,f64,142.27499952539802,1.1800733718906746e-15
400,naive,seq,f32,148.73836073093116,9.750859142542814e-06
400,autovec,seq,f64,137.8083205781877,1.1800733718906746e-15
400,autovec,seq,f32,138.65999993868172,9.750859142542814e-06
400,blocked,seq,f64,42.344999965280294,2.1634678484662367e-15
400,blocked,seq,f32,47.14668029919267,9.718557940468384e-06
400,blocked_autovec,seq,f64,142.84999924711883,1.1800733718906746e-15
400,blocked_autovec,seq,f32,142.04664039425552,9.750859142542814e-06
400,blocked_tiled,seq,f64,42.72500053048134,2.1634678484662367e-15
400,blocked_tiled,seq,f32,47.07335960119963,9.718557940468384e-06
400,blocked_windowed,seq,f64,44.50999898836017,2.1634678484662367e-15
400,blocked_windowed,seq,f32,47.40835982374847,9.750859142542814e-06
400,blocked_hybrid,seq,f64,87.92832028120756,2.1634678484662367e-15
400,blocked_hybrid,seq,f32,85.17331909388304,9.750859142542814e-06
400,adaptive,seq,f64,635.2233199868351,3.659726096873669e-08
400,adaptive,seq,f32,678.251680219546,9.739593682940446e-06
400,fft5,seq,f64,669.6933205239475,3.659726096873669e-08
400,fft5,seq,f32,687.2500001918525,9.739593682940446e-06
400,fft3,seq,f64,663.8249999377877,3.659726096873669e-08
400,fft3,seq,f32,657.0649996865541,9.739593682940446e-06
400,fft2,seq,f64,669.9816801119596,3.659726096873669e-08
400,fft2,seq,f32,642.9549993481487,9.739593682940446e-06
400,treecode,seq,f64,224.27667980082333,6.760826427087133e-06
400,treecode,seq,f32,226.5349996741861,1.0674781949158862e-05
400,chebcode,seq,f64,63.325000228360295,3.647253385124056e-10
400,chebcode,seq,f32,62.90500052273273,9.750859142542814e-06
400,ewald,seq,f64,113.32168010994792,0.006327002485849758
400,ewald,seq,f32,110.92667933553457,0.006327143842783114
400,dst,seq,f64,685.2500000968575,3.659726096873669e-08
400,dst,seq,f32,666.7766801547259,9.739593682940446e-06
400,auto,seq,f64,58.59168013557792,1.3615417163957746e-08
400,auto,seq,f32,48.151640221476555,9.718557940468384e-06
400,blocked,True,f64,44.64167985133827,2.1634678484662367e-15
400,blocked_autovec,True,f64,74.44832008332014,1.1800733718906746e-15
400,blocked_tiled,True,f64,42.62668080627918,2.1634678484662367e-15
400,blocked_windowed,True,f64,110.29168032109737,2.1634678484662367e-15
400,blocked_hybrid,True,f64,177.4316793307662,2.1634678484662367e-15
400,treecode,True,f64,209.0066799428314,6.760826427087133e-06
400,chebcode,True,f64,94.17499997653067,3.647253385124056e-10
800,reference,seq,f64,2743.499993812293,0.0
800,reference,seq,f32,2743.499993812293,0.0
800,naive,seq,f64,614.1493334628952,2.13351795228133e-15
800,naive,seq,f32,613.770833297167,1.9351387457730987e-05
800,autovec,seq,f64,620.7395830036452,2.13351795228133e-15
800,autovec,seq,f32,601.6145828956118,1.9351387457730987e-05
800,blocked,seq,f64,173.93058321128288,4.26703590456266e-15
800,blocked,seq,f32,186.28816663598022,1.9733195367334204e-05
800,blocked_autovec,seq,f64,605.6076672393829,2.13351795228133e-15
800,blocked_autovec,seq,f32,610.138832901915,1.9351387457730987e-05
800,blocked_tiled,seq,f64,169.6458324052704,4.26703590456266e-15
800,blocked_tiled,seq,f32,195.81600160260373,1.9733195367334204e-05
800,blocked_windowed,seq,f64,177.27083468344063,4.26703590456266e-15
800,blocked_windowed,seq,f32,163.48608187399805,1.9351387457730987e-05
800,blocked_hybrid,seq,f64,330.569416595002,4.26703590456266e-15
800,blocked_hybrid,seq,f32,341.66324864296865,1.9351387457730987e-05
800,adaptive,seq,f64,722.0937477541156,6.645259009605473e-08
800,adaptive,seq,f32,695.4825827657866,1.9351387457730987e-05
800,fft5,seq,f64,652.8993326355703,6.645259009605473e-08
800,fft5,seq,f32,644.6805831122523,1.9351387457730987e-05
800,fft3,seq,f64,677.309001427299,6.645259009605473e-08
800,fft3,seq,f32,696.5035014824631,1.9351387457730987e-05
800,fft2,seq,f64,706.9235822806755,6.645259009605473e-08
800,fft2,seq,f32,647.965251118876,1.9351387457730987e-05
800,treecode,seq,f64,502.00000017260516,4.336537963115059e-06
800,treecode,seq,f32,507.28475131715334,1.920820949162978e-05
800,chebcode,seq,f64,178.64583302677298,3.6842499189952795e-10
800,chebcode,seq,f32,147.32983254361898,1.9351387457730987e-05
800,ewald,seq,f64,299.5173344970681,0.0038497353187663093
800,ewald,seq,f32,296.28816749512526,0.0038498348799117315
800,dst,seq,f64,840.906250232365,6.645259009605473e-08
800,dst,seq,f32,865.3958332918895,1.9351387457730987e-05
800,auto,seq,f64,140.56250074645504,1.4327192753193724e-08
800,auto,seq,f32,184.85416755235443,1.9733195367334204e-05
800,blocked,True,f64,219.18049848560864,4.26703590456266e-15
800,blocked_autovec,True,f64,191.73958329095817,2.13351795228133e-15
800,blocked_tiled,True,f64,127.1562505280599,4.26703590456266e-15
800,blocked_windowed,True,f64,168.7950837852744,4.26703590456266e-15
800,blocked_hybrid,True,f64,348.09724941927317,4.26703590456266e-15
800,treecode,True,f64,308.74299894397456,4.336537963115059e-06
800,chebcode,True,f64,128.45833407482132,3.6842499189952795e-10
1000,reference,seq,f64,4904.833011096343,0.0
1000,reference,seq,f32,4904.833011096343,0.0
1000,naive,seq,f64,974.6249997988343,1.4595068454635876e-15
1000,naive,seq,f32,961.849998566322,2.5404336440471686e-05
1000,autovec,seq,f64,960.0999997928739,1.641945201146536e-15
1000,autovec,seq,f32,951.1625015875325,2.5404336440471686e-05
1000,blocked,seq,f64,255.57079934515062,4.2873013585492886e-15
1000,blocked,seq,f32,288.07499911636114,2.5306390594072404e-05
1000,blocked_autovec,seq,f64,940.3208008734509,1.641945201146536e-15
1000,blocked_autovec,seq,f32,972.4624978844076,2.5404336440471686e-05
1000,blocked_tiled,seq,f64,266.72499952837825,4.2873013585492886e-15
1000,blocked_tiled,seq,f32,294.5207990705967,2.5306390594072404e-05
1000,blocked_windowed,seq,f64,264.4292020704597,4.2873013585492886e-15
1000,blocked_windowed,seq,f32,252.8166980482638,2.5404336440471686e-05
1000,blocked_hybrid,seq,f64,518.533299327828,4.2873013585492886e-15
1000,blocked_hybrid,seq,f32,530.4291000356898,2.5404336440471686e-05
1000,adaptive,seq,f64,704.1583012323827,6.592480376442883e-08
1000,adaptive,seq,f32,670.8166998578236,2.5404336440471686e-05
1000,fft5,seq,f64,758.7041996885091,6.592480376442883e-08
1000,fft5,seq,f32,643.4458016883582,2.5404336440471686e-05
1000,fft3,seq,f64,745.3582977177575,6.592480376442883e-08
1000,fft3,seq,f32,614.2083992017433,2.5404336440471686e-05
1000,fft2,seq,f64,692.3874985659495,6.592480376442883e-08
1000,fft2,seq,f32,753.7625002441928,2.5404336440471686e-05
1000,treecode,seq,f64,661.6541009861976,7.417018904984179e-06
1000,treecode,seq,f32,654.2333023389801,2.462076966927741e-05
1000,chebcode,seq,f64,214.2750017810613,4.347805670923871e-10
1000,chebcode,seq,f32,203.56659952085465,2.5404336440471686e-05
1000,ewald,seq,f64,388.5583981173113,0.006169333646873692
1000,ewald,seq,f32,377.06660223193467,0.0061748072992217915
1000,dst,seq,f64,979.424998513423,6.592480376442883e-08
1000,dst,seq,f32,1004.3082991614938,2.5404336440471686e-05
1000,auto,seq,f64,178.63750108517706,1.1370771723664995e-08
1000,auto,seq,f32,297.2999995108694,2.5306390594072404e-05
1000,blocked,True,f64,878.8792008999735,4.2873013585492886e-15
1000,blocked_autovec,True,f64,229.80830108281225,1.641945201146536e-15
1000,blocked_tiled,True,f64,327.3957991041243,4.2873013585492886e-15
1000,blocked_windowed,True,f64,288.0665997508913,4.2873013585492886e-15
1000,blocked_hybrid,True,f64,577.8291000751778,4.2873013585492886e-15
1000,treecode,True,f64,377.6708006625995,7.417018904984179e-06
1000,chebcode,True,f64,192.1166985994205,4.347805670923871e-10
2000,reference,seq,f64,15652.04098005779,0.0
2000,reference,seq,f32,15652.04098005779,0.0
2000,naive,seq,f64,3854.0168025065213,3.0047370214521436e-15
2000,naive,seq,f32,3852.241800632328,3.51890606350831e-05
2000,autovec,seq,f64,3856.0999964829534,3.0047370214521436e-15
2000,autovec,seq,f32,3835.2000003214926,3.51890606350831e-05
2000,blocked,seq,f64,1015.5500029213727,6.941978635768745e-15
2000,blocked,seq,f32,1153.291598893702,3.530031276646428e-05
2000,blocked_autovec,seq,f64,3836.8166016880423,3.0047370214521436e-15
2000,blocked_autovec,seq,f32,3852.2165967151523,3.51890606350831e-05
2000,blocked_tiled,seq,f64,1036.1915978137404,6.941978635768745e-15
2000,blocked_tiled,seq,f32,1171.3334009982646,3.530031276646428e-05
2000,blocked_windowed,seq,f64,1050.4999954719096,6.941978635768745e-15
2000,blocked_windowed,seq,f32,1021.5834015980363,3.51890606350831e-05
2000,blocked_hybrid,seq,f64,2065.841597504914,6.941978635768745e-15
2000,blocked_hybrid,seq,f32,2058.2250028382987,3.51890606350831e-05
2000,adaptive,seq,f64,858.3250048104674,1.854305862266009e-07
2000,adaptive,seq,f32,896.241603186354,3.51890606350831e-05
2000,fft5,seq,f64,708.65000016056,1.854305862266009e-07
2000,fft5,seq,f32,744.7834010235965,3.51890606350831e-05
2000,fft3,seq,f64,685.2331978734583,1.854305862266009e-07
2000,fft3,seq,f32,748.6000016797334,3.51890606350831e-05
2000,fft2,seq,f64,691.9582025147974,1.854305862266009e-07
2000,fft2,seq,f32,798.9500008989125,3.51890606350831e-05
2000,treecode,seq,f64,1465.6916027888656,9.731160866623488e-06
2000,treecode,seq,f32,1422.8916028514504,3.496655637232073e-05
2000,chebcode,seq,f64,443.1583976838738,5.763698858429547e-10
2000,chebcode,seq,f32,457.0084041915834,3.51890606350831e-05
2000,ewald,seq,f64,984.8749963566662,0.006902916326823274
2000,ewald,seq,f32,1017.2999987844377,0.006902493986875788
2000,dst,seq,f64,1721.0250021889806,1.854305862266009e-07
2000,dst,seq,f32,1761.3500007428229,3.51890606350831e-05
2000,auto,seq,f64,409.3000025022775,1.833194921353579e-08
2000,auto,seq,f32,1163.7834017165005,3.530031276646428e-05
2000,blocked,True,f64,311.02500506676733,6.941978635768745e-15
2000,blocked_autovec,True,f64,646.3417958002537,3.0047370214521436e-15
2000,blocked_tiled,True,f64,365.76680140569806,6.941978635768745e-15
2000,blocked_windowed,True,f64,850.491801975295,6.941978635768745e-15
2000,blocked_hybrid,True,f64,2065.958402818069,6.941978635768745e-15
2000,treecode,True,f64,834.7332011908293,9.731160866623488e-06
2000,chebcode,True,f64,295.97500106319785,5.763698858429547e-10
4000,reference,seq,f64,69187.70799529739,0.0
4000,reference,seq,f32,69187.70799529739,0.0
4000,naive,seq,f64,15438.722000302127,5.26180709009461e-15
4000,naive,seq,f32,15462.902665603906,3.0801464622419015e-05
4000,autovec,seq,f64,15519.263998915752,5.26180709009461e-15
4000,autovec,seq,f32,15432.44433317644,3.0801464622419015e-05
4000,blocked,seq,f64,4084.2499972010655,1.3100825816153928e-14
4000,blocked,seq,f32,4626.513672216485,3.0893253380756064e-05
4000,blocked_autovec,seq,f64,15572.333339756975,5.26180709009461e-15
4000,blocked_autovec,seq,f32,15563.958334193254,3.0801464622419015e-05
4000,blocked_tiled,seq,f64,4062.5696710776538,1.3100825816153928e-14
4000,blocked_tiled,seq,f32,4603.08333276771,3.0893253380756064e-05
4000,blocked_windowed,seq,f64,4075.2916732647764,1.3100825816153928e-14
4000,blocked_windowed,seq,f32,4087.2083336580545,3.0801464622419015e-05
4000,blocked_hybrid,seq,f64,8168.16666823191,1.3100825816153928e-14
4000,blocked_hybrid,seq,f32,8104.8610057526585,3.0801464622419015e-05
4000,adaptive,seq,f64,2166.6386746801436,8.74906292018236e-09
4000,adaptive,seq,f32,2034.8890005455664,3.0801464622419015e-05
4000,fft5,seq,f64,1639.7916673061748,8.74906292018236e-09
4000,fft5,seq,f32,1659.7640060354024,3.0801464622419015e-05
4000,fft3,seq,f64,1689.7500026971102,8.74906292018236e-09
4000,fft3,seq,f32,1585.7359976507723,3.0801464622419015e-05
4000,fft2,seq,f64,1496.8056639190763,8.74906292018236e-09
4000,fft2,seq,f32,1531.277666799724,3.0801464622419015e-05
4000,treecode,seq,f64,3063.4443392045796,9.054184067794456e-05
4000,treecode,seq,f32,3088.6110034771264,9.124928934787709e-05
4000,chebcode,seq,f64,995.3890015215923,4.978276158687249e-10
4000,chebcode,seq,f32,987.9166706620406,3.0801464622419015e-05
4000,ewald,seq,f64,2618.639002321288,0.003219431186852841
4000,ewald,seq,f32,2736.111006621892,0.003217817504368753
4000,dst,seq,f64,5755.611336401974,8.74906292018236e-09
4000,dst,seq,f32,5667.12500100645,3.0801464622419015e-05
4000,auto,seq,f64,931.5969946328551,2.2448683725486783e-08
4000,auto,seq,f32,4664.805659558624,3.0893253380756064e-05
4000,blocked,True,f64,889.6943375778695,1.3100825816153928e-14
4000,blocked_autovec,True,f64,2038.9030008421591,5.26180709009461e-15
4000,blocked_tiled,True,f64,1349.638672157501,1.3100825816153928e-14
4000,blocked_windowed,True,f64,2069.6109956285604,1.3100825816153928e-14
4000,blocked_hybrid,True,f64,6129.735993454233,1.3100825816153928e-14
4000,treecode,True,f64,1107.2780083244045,9.054184067794456e-05
4000,chebcode,True,f64,437.55566972928744,4.978276158687249e-10
8000,reference,seq,f64,279758.8329995051,0.0
8000,reference,seq,f32,279758.8329995051,0.0
8000,naive,seq,f64,62889.26400399457,6.3784102623244104e-15
8000,naive,seq,f32,62231.708327696346,3.103598785999893e-05
8000,autovec,seq,f64,62439.861008897424,6.3784102623244104e-15
8000,autovec,seq,f32,62117.430672515184,3.103598785999893e-05
8000,blocked,seq,f64,16334.416664903983,1.7221707708275908e-14
8000,blocked,seq,f32,18518.722334799048,3.0336843010842393e-05
8000,blocked_autovec,seq,f64,62328.81933101453,6.3784102623244104e-15
8000,blocked_autovec,seq,f32,62166.930661381535,3.103598785999893e-05
8000,blocked_tiled,seq,f64,16320.874992137153,1.7221707708275908e-14
8000,blocked_tiled,seq,f32,18515.22199770746,3.0336843010842393e-05
8000,blocked_windowed,seq,f64,16261.555332069594,1.7221707708275908e-14
8000,blocked_windowed,seq,f32,16318.125000301126,3.103598785999893e-05
8000,blocked_hybrid,seq,f64,32585.930331454925,1.7221707708275908e-14
8000,blocked_hybrid,seq,f32,33018.7359941192,3.103598785999893e-05
8000,adaptive,seq,f64,2499.652667514359,1.3114598382182566e-07
8000,adaptive,seq,f32,2444.944664603099,3.093611002440514e-05
8000,fft5,seq,f64,1741.4026660844684,1.3114598382182566e-07
8000,fft5,seq,f32,2034.319331869483,3.093611002440514e-05
8000,fft3,seq,f64,1867.444332068165,1.3114598382182566e-07
8000,fft3,seq,f32,2120.3609940130264,3.093611002440514e-05
8000,fft2,seq,f64,2138.4446687685945,1.3114598382182566e-07
8000,fft2,seq,f32,1885.9166690769296,3.093611002440514e-05
8000,treecode,seq,f64,6537.888994595657,0.0038543059711553668
8000,treecode,seq,f32,6753.485999070108,0.00385389494306917
8000,chebcode,seq,f64,2346.569332682217,5.581877577970469e-10
8000,chebcode,seq,f32,2368.9723360197,3.103598785999893e-05
8000,ewald,seq,f64,7493.875008852531,0.0018224285068589318
8000,ewald,seq,f32,7446.250005159527,0.0018221767237942641
8000,dst,seq,f64,18355.041664714616,1.3114598382182566e-07
8000,dst,seq,f32,18307.305668713525,3.093611002440514e-05
8000,auto,seq,f64,2184.8749990264573,9.079735443445571e-10
8000,auto,seq,f32,18815.01400688042,3.0336843010842393e-05
8000,blocked,True,f64,3338.625004592662,1.7221707708275908e-14
8000,blocked_autovec,True,f64,7837.15266152285,6.3784102623244104e-15
8000,blocked_tiled,True,f64,3811.7499983248613,1.7221707708275908e-14
8000,blocked_windowed,True,f64,9815.013666714853,1.7221707708275908e-14
8000,blocked_hybrid,True,f64,24040.02765736853,1.7221707708275908e-14
8000,treecode,True,f64,2133.68033291772,0.0038543059711553668
8000,chebcode,True,f64,824.3609918281436,5.581877577970469e-10
10000,reference,seq,f64,572722.8340110742,0.0
10000,reference,seq,f32,572722.8340110742,0.0
10000,naive,seq,f64,98052.09733895026,1.2111893497381987e-14
10000,naive,seq,f32,98460.8890042485,2.9695527683376893e-05
10000,autovec,seq,f64,97111.66666238569,1.1910028605758954e-14
10000,autovec,seq,f32,97294.19433278963,2.9695527683376893e-05
10000,blocked,seq,f64,25731.166669478018,1.4428608542649452e-14
10000,blocked,seq,f32,29045.014001894742,2.9940036000684308e-05
10000,blocked_autovec,seq,f64,97540.04166461527,1.1910028605758954e-14
10000,blocked_autovec,seq,f32,97545.19466271934,2.9695527683376893e-05
10000,blocked_tiled,seq,f64,25451.985993034516,1.4428608542649452e-14
10000,blocked_tiled,seq,f32,29128.16666260672,2.9940036000684308e-05
10000,blocked_windowed,seq,f64,25579.541669382405,1.4428608542649452e-14
10000,blocked_windowed,seq,f32,25553.930667228997,2.9695527683376893e-05
10000,blocked_hybrid,seq,f64,51321.02766462291,1.4428608542649452e-14
10000,blocked_hybrid,seq,f32,51956.20832576727,2.9695527683376893e-05
10000,adaptive,seq,f64,5045.778001658618,1.1925299684810237e-09
10000,adaptive,seq,f32,4734.055672694619,2.969619137663482e-05
10000,fft5,seq,f64,3556.611006691431,1.1925299684810237e-09
10000,fft5,seq,f32,3525.5833354312927,2.969619137663482e-05
10000,fft3,seq,f64,3628.069331170991,1.1925299684810237e-09
10000,fft3,seq,f32,3958.2363388035446,2.969619137663482e-05
10000,fft2,seq,f64,3869.361001610135,1.1925299684810237e-09
10000,fft2,seq,f32,3612.1526694235704,2.969619137663482e-05
10000,treecode,seq,f64,8179.680327884853,0.036375623104264836
10000,treecode,seq,f32,8091.110998066142,0.036378707111033984
10000,chebcode,seq,f64,2922.416664659977,4.67623301749245e-10
10000,chebcode,seq,f32,2834.7916571268192,2.9695527683376893e-05
10000,ewald,seq,f64,10307.694339038184,0.0008756835191147714
10000,ewald,seq,f32,11089.486002068346,0.0008756046171594892
10000,dst,seq,f64,29418.08332495081,1.1925299684810237e-09
10000,dst,seq,f32,29268.13900315513,2.969619137663482e-05
10000,auto,seq,f64,2783.0416705304137,7.145597284480796e-10
10000,auto,seq,f32,29034.2779965916,2.9940036000684308e-05
10000,blocked,True,f64,6442.346998179953,1.4428608542649452e-14
10000,blocked_autovec,True,f64,12244.152671579892,1.1910028605758954e-14
10000,blocked_tiled,True,f64,5133.236001711339,1.4428608542649452e-14
10000,blocked_windowed,True,f64,12587.847333634272,1.4428608542649452e-14
10000,blocked_hybrid,True,f64,40539.291667907186,1.4428608542649452e-14
10000,treecode,True,f64,3676.3333288642266,0.036375623104264836
10000,chebcode,True,f64,2833.5696648961552,4.67623301749245e-10
20000,reference,seq,f64,2324665.541993454,0.0
20000,reference,seq,f32,2324665.541993454,0.0
20000,naive,seq,f64,392915.4999981013,1.4380029395061973e-14
20000,naive,seq,f32,391682.5279981519,4.433341495458296e-05
20000,autovec,seq,f64,390165.6109956093,1.4594656699465883e-14
20000,autovec,seq,f32,391282.8749938247,4.433341495458296e-05
20000,blocked,seq,f64,102442.93032640901,2.5111394615257473e-14
20000,blocked,seq,f32,116413.45832807322,4.378608596046967e-05
20000,blocked_autovec,seq,f64,389456.19467025,1.4594656699465883e-14
20000,blocked_autovec,seq,f32,391028.45833986066,4.433341495458296e-05
20000,blocked_tiled,seq,f64,102495.16666711618,2.5111394615257473e-14
20000,blocked_tiled,seq,f32,116425.90267001651,4.378608596046967e-05
20000,blocked_windowed,seq,f64,102511.47233066149,2.5111394615257473e-14
20000,blocked_windowed,seq,f32,102350.00000102445,4.433341495458296e-05
20000,blocked_hybrid,seq,f64,204028.166665618,2.5111394615257473e-14
20000,blocked_hybrid,seq,f32,204907.68065792508,4.433341495458296e-05
20000,adaptive,seq,f64,10594.83333180348,9.537762416475995e-11
20000,adaptive,seq,f32,10762.055666418746,4.433341495458296e-05
20000,fft5,seq,f64,8234.347333200276,9.537762416475995e-11
20000,fft5,seq,f32,8460.791665129364,4.433341495458296e-05
20000,fft3,seq,f64,8278.68033472138,9.537762416475995e-11
20000,fft3,seq,f32,8507.972001098096,4.433341495458296e-05
20000,fft2,seq,f64,8249.972335761413,9.537762416475995e-11
20000,fft2,seq,f32,8281.208332239961,4.433341495458296e-05
20000,treecode,seq,f64,17590.499997216586,0.0001867495276197723
20000,treecode,seq,f32,17674.541673234973,0.00019324282251283073
20000,chebcode,seq,f64,6673.847334847475,6.600059370113457e-10
20000,chebcode,seq,f32,6690.097332466394,4.433341495458296e-05
20000,ewald,seq,f64,28756.153003390256,0.0005485009025708128
20000,ewald,seq,f32,28750.333333543193,0.0005497489248537823
20000,dst,seq,f64,110332.08333537914,9.537762416475995e-11
20000,dst,seq,f32,111011.94433285855,4.433341495458296e-05
20000,auto,seq,f64,6026.902672601864,1.9797165108523666e-08
20000,auto,seq,f32,116891.58333077405,4.378608596046967e-05
20000,blocked,True,f64,19571.694332019735,2.5111394615257473e-14
20000,blocked_autovec,True,f64,49998.76366734194,1.4594656699465883e-14
20000,blocked_tiled,True,f64,23443.43033231174,2.5111394615257473e-14
20000,blocked_windowed,True,f64,52018.66666902788,2.5111394615257473e-14
20000,blocked_hybrid,True,f64,152196.3613340631,2.5111394615257473e-14
20000,treecode,True,f64,5417.97232775328,0.0001867495276197723
20000,chebcode,True,f64,1916.0833326168358,6.600059370113457e-10
